Product_name,brand,category,sub_category,description
Dell Drawing Tablet,Dell,Tablet,Drawing Tablet,"The Dell Drawing Tablet is designed for users who need with advanced noise cancellation and with water-resistant body. It offers reliable performance, sleek design, and cutting-edge technology that makes it a great option in the tablet market."
Bose Compact Camera,Bose,Camera,Compact Camera,"The Bose Compact Camera is designed for users who need with water-resistant body and featuring long battery life. It offers reliable performance, sleek design, and cutting-edge technology that makes it a great option in the camera market."
LG Wireless,LG,Headphones,Wireless,"The LG Wireless is designed for users who need with high-resolution display and with wireless connectivity. It offers reliable performance, sleek design, and cutting-edge technology that makes it a great option in the headphones market."
Sony Curved Monitor,Sony,Monitor,Curved Monitor,"The Sony Curved Monitor is designed for users who need featuring long battery life and with water-resistant body. It offers reliable performance, sleek design, and cutting-edge technology that makes it a great option in the monitor market."
Dell Luxury Smartwatch,Dell,Smartwatch,Luxury Smartwatch,"The Dell Luxury Smartwatch is designed for users who need with advanced noise cancellation and featuring long battery life. It offers reliable performance, sleek design, and cutting-edge technology that makes it a great option in the smartwatch market."
Sony Compact Camera,Sony,Camera,Compact Camera,"The Sony Compact Camera is designed for users who need with wireless connectivity and with high-resolution display. It offers reliable performance, sleek design, and cutting-edge technology that makes it a great option in the camera market."
Sony Budget Phone,Sony,Smartphone,Budget Phone,"The Sony Budget Phone is designed for users who need with high storage capacity and with high-resolution display. It offers reliable performance, sleek design, and cutting-edge technology that makes it a great option in the smartphone market."
HP Gaming Router,HP,Router,Gaming Router,"The HP Gaming Router is designed for users who need with high-resolution display and featuring lightweight build. It offers reliable performance, sleek design, and cutting-edge technology that makes it a great option in the router market."
Lenovo 4K Monitor,Lenovo,Monitor,4K Monitor,"The Lenovo 4K Monitor is designed for users who need featuring ultra-slim design and with advanced noise cancellation. It offers reliable performance, sleek design, and cutting-edge technology that makes it a great option in the monitor market."
Samsung Kids Smartwatch,Samsung,Smartwatch,Kids Smartwatch,"The Samsung Kids Smartwatch is designed for users who need featuring ultra-slim design and with fast charging support. It offers reliable performance, sleek design, and cutting-edge technology that makes it a great option in the smartwatch market."
